{  
    "Mercury-MercurianIron": {
        "template": "uniform",
        "block": {
            "name":"galacticores:orePlanets",
            "metadata": 0
            },
        "material": {
            "name":"GalaxySpace:mercuryblocks",
            "metadata": 2
            },
        "clusterSize": 8,
        "numClusters": 10,
        "minHeight": 16,
        "maxHeight": 48,
        "biomeRestriction": "none",
        "biomes": [],
        "dimensionRestriction": "whitelist",
        "dimensions": [
            -1005
        ]
    },
    "Venus-Citrine": {
        "template": "uniform",
        "block": {
            "name":"galacticores:orePlanets",
            "metadata": 1
            },
        "material": {
            "name":"GalaxySpace:venusblocks",
            "metadata": 1
            },
        "clusterSize": 6,
        "numClusters": 8,
        "minHeight": 0,
        "maxHeight": 32,
        "biomeRestriction": "none",
        "biomes": [],
        "dimensionRestriction": "whitelist",
        "dimensions": [
            -1006
        ]
    },
        "Pluto-Plutonium": {
        "template": "uniform",
        "block": {
            "name":"galacticores:orePlanets",
            "metadata": 2
            },
        "material": {
            "name":"GalaxySpace:plutoblocks",
            "metadata": 5
            },
        "clusterSize": 8,
        "numClusters": 8,
        "minHeight": 0,
        "maxHeight": 32,
        "biomeRestriction": "none",
        "biomes": [],
        "dimensionRestriction": "whitelist",
        "dimensions": [
            -1008
        ]
    },
        "MakeMake-Bismuth": {
        "template": "uniform",
        "block": {
            "name":"galacticores:orePlanets",
            "metadata": 3
            },
        "material": {
            "name":"GalaxySpace:makemakegrunt",
            "metadata": 1
            },
        "clusterSize": 8,
        "numClusters": 10,
        "minHeight": 0,
        "maxHeight": 48,
        "biomeRestriction": "none",
        "biomes": [],
        "dimensionRestriction": "whitelist",
        "dimensions": [
            -1010
        ]
    },
        "Haumea-Onyx": {
        "template": "uniform",
        "block": {
            "name":"galacticores:orePlanets",
            "metadata": 4
            },
        "material": {
            "name":"GalaxySpace:haumeablocks",
            "metadata": 0
            },
        "clusterSize": 10,
        "numClusters": 4,
        "minHeight": 16,
        "maxHeight": 56,
        "biomeRestriction": "none",
        "biomes": [],
        "dimensionRestriction": "whitelist",
        "dimensions": [
            -1025
        ]
    },
        "ACentauri-Centaurium": {
        "template": "uniform",
        "block": {
            "name":"galacticores:orePlanets",
            "metadata": 5
            },
        "material": "GalaxySpace:acentauribbsubgrunt",
        "clusterSize": 4,
        "numClusters": 16,
        "minHeight": 8,
        "maxHeight": 48,
        "biomeRestriction": "none",
        "biomes": [],
        "dimensionRestriction": "whitelist",
        "dimensions": [
            -1021
        ]
    },
        "BarnardaC-PinkQuartz": {
        "template": "uniform",
        "block": {
            "name":"galacticores:orePlanets",
            "metadata": 6
            },
        "material": "minecraft:stone",
        "clusterSize": 12,
        "numClusters": 3,
        "minHeight": 4,
        "maxHeight": 32,
        "biomeRestriction": "none",
        "biomes": [],
        "dimensionRestriction": "whitelist",
        "dimensions": [
            -1022
        ]
    },
        "BarnardaE-Carnelian": {
        "template": "uniform",
        "block": {
            "name":"galacticores:orePlanets",
            "metadata": 7
            },
        "material": "GalaxySpace:barnardaEsubgrunt",
        "clusterSize": 10,
        "numClusters": 6,
        "minHeight": 8,
        "maxHeight": 48,
        "biomeRestriction": "none",
        "biomes": [],
        "dimensionRestriction": "whitelist",
        "dimensions": [
            -1023
        ]
    },
        "BarnardaF-Chalcedony": {
        "template": "uniform",
        "block": {
            "name":"galacticores:orePlanets",
            "metadata": 8
            },
        "material": "GalaxySpace:barnardaFsubgrunt",
        "clusterSize": 10,
        "numClusters": 6,
        "minHeight": 8,
        "maxHeight": 48,
        "biomeRestriction": "none",
        "biomes": [],
        "dimensionRestriction": "whitelist",
        "dimensions": [
            -1026
        ]
    },
        "VegaB-Iridium": {
        "template": "uniform",
        "block": {
            "name":"galacticores:orePlanets",
            "metadata": 9
            },
        "material": "GalaxySpace:vegabsubgrunt",
        "clusterSize": 4,
        "numClusters": 6,
        "minHeight": 4,
        "maxHeight": 32,
        "biomeRestriction": "none",
        "biomes": [],
        "dimensionRestriction": "whitelist",
        "dimensions": [
            -1027
        ]
    },
        "Europa-Europium": {
        "template": "uniform",
        "block": {
            "name":"galacticores:oreMoons",
            "metadata": 0
            },
        "material": {
            "name":"GalaxySpace:europagrunt",
            "metadata": 0
            },
        "clusterSize": 6,
        "numClusters": 8,
        "minHeight": 58,
        "maxHeight": 76,
        "biomeRestriction": "none",
        "biomes": [],
        "dimensionRestriction": "whitelist",
        "dimensions": [
            -1014
        ]
    },
        "Callisto-Palladium": {
        "template": "uniform",
        "block": {
            "name":"galacticores:oreMoons",
            "metadata": 1
            },
        "material": {
            "name":"GalaxySpace:callistoblocks",
            "metadata": 1
            },
        "clusterSize": 8,
        "numClusters": 12,
        "minHeight": 16,
        "maxHeight": 48,
        "biomeRestriction": "none",
        "biomes": [],
        "dimensionRestriction": "whitelist",
        "dimensions": [
            -1024
        ]
    },
        "Enceladus-Jade": {
        "template": "uniform",
        "block": {
            "name":"galacticores:oreMoons",
            "metadata": 2
            },
        "material": {
            "name":"GalaxySpace:enceladusblocks",
            "metadata": 1
            },
        "clusterSize": 8,
        "numClusters": 6,
        "minHeight": 4,
        "maxHeight": 24,
        "biomeRestriction": "none",
        "biomes": [],
        "dimensionRestriction": "whitelist",
        "dimensions": [
            -1016
        ]
    },
        "Titan-Rhodium-Petalite": {
        "template": "uniform",
        "block": [
            {"name":"galacticores:oreMoons","metadata": 3,"weight":60},
            {"name":"galacticores:oreMoons","metadata": 4,"weight":40}
            ],
        "material": {
            "name":"GalaxySpace:titanblocks",
            "metadata": 2
            },
        "clusterSize": 8,
        "numClusters": 12,
        "minHeight": 5,
        "maxHeight": 40,
        "biomeRestriction": "none",
        "biomes": [],
        "dimensionRestriction": "whitelist",
        "dimensions": [
            -1017
        ]
    }
}